dataset_benchmark/leave_one_out/politicalness/bert-base-cased/amazon_reviews_2023,999 / 1000 (100 %),851 / 1000 (85 %),974 / 1000 (97 %),612 / 612 (100 %),1000 / 1000 (100 %),945 / 1000 (94 %),989 / 1000 (99 %),986 / 1000 (99 %),972 / 1000 (97 %),979 / 1000 (98 %),988 / 1000 (99 %),993 / 1000 (99 %),11288 / 11612 (97 %)
dataset_benchmark/leave_one_out/politicalness/bert-base-cased/article_bias_prediction,996 / 1000 (100 %),896 / 1000 (90 %),982 / 1000 (98 %),612 / 612 (100 %),1000 / 1000 (100 %),968 / 1000 (97 %),998 / 1000 (100 %),990 / 1000 (99 %),983 / 1000 (98 %),981 / 1000 (98 %),984 / 1000 (98 %),992 / 1000 (99 %),10386 / 10612 (98 %)
dataset_benchmark/leave_one_out/politicalness/bert-base-cased/commoncrawl_news_articles,995 / 1000 (100 %),738 / 1000 (74 %),988 / 1000 (99 %),612 / 612 (100 %),1000 / 1000 (100 %),968 / 1000 (97 %),998 / 1000 (100 %),992 / 1000 (99 %),979 / 1000 (98 %),988 / 1000 (99 %),988 / 1000 (99 %),993 / 1000 (99 %),10501 / 10612 (99 %)
dataset_benchmark/leave_one_out/politicalness/bert-base-cased/dem_rep_party_platform_topics,998 / 1000 (100 %),894 / 1000 (89 %),950 / 1000 (95 %),612 / 612 (100 %),1000 / 1000 (100 %),970 / 1000 (97 %),996 / 1000 (100 %),991 / 1000 (99 %),983 / 1000 (98 %),976 / 1000 (98 %),984 / 1000 (98 %),994 / 1000 (99 %),10398 / 10612 (98 %)
dataset_benchmark/leave_one_out/politicalness/bert-base-cased/dialogsum,998 / 1000 (100 %),895 / 1000 (90 %),985 / 1000 (98 %),612 / 612 (100 %),1000 / 1000 (100 %),958 / 1000 (96 %),999 / 1000 (100 %),989 / 1000 (99 %),977 / 1000 (98 %),976 / 1000 (98 %),981 / 1000 (98 %),996 / 1000 (100 %),11366 / 11612 (98 %)
dataset_benchmark/leave_one_out/politicalness/bert-base-cased/free_news,997 / 1000 (100 %),883 / 1000 (88 %),965 / 1000 (96 %),609 / 612 (100 %),1000 / 1000 (100 %),944 / 1000 (94 %),995 / 1000 (100 %),977 / 1000 (98 %),966 / 1000 (97 %),973 / 1000 (97 %),981 / 1000 (98 %),991 / 1000 (99 %),11281 / 11612 (97 %)
dataset_benchmark/leave_one_out/politicalness/bert-base-cased/goodreads_book_genres,1000 / 1000 (100 %),869 / 1000 (87 %),988 / 1000 (99 %),612 / 612 (100 %),999 / 1000 (100 %),945 / 1000 (94 %),992 / 1000 (99 %),982 / 1000 (98 %),974 / 1000 (97 %),982 / 1000 (98 %),981 / 1000 (98 %),991 / 1000 (99 %),11315 / 11612 (97 %)
dataset_benchmark/leave_one_out/politicalness/bert-base-cased/gpt4_political_bias,988 / 1000 (99 %),738 / 1000 (74 %),961 / 1000 (96 %),595 / 612 (97 %),1000 / 1000 (100 %),908 / 1000 (91 %),979 / 1000 (98 %),905 / 1000 (90 %),968 / 1000 (97 %),939 / 1000 (94 %),969 / 1000 (97 %),987 / 1000 (99 %),10342 / 11000 (94 %)
dataset_benchmark/leave_one_out/politicalness/bert-base-cased/gpt4_political_ideologies,998 / 1000 (100 %),879 / 1000 (88 %),990 / 1000 (99 %),612 / 612 (100 %),975 / 1000 (98 %),965 / 1000 (96 %),999 / 1000 (100 %),993 / 1000 (99 %),983 / 1000 (98 %),988 / 1000 (99 %),988 / 1000 (99 %),996 / 1000 (100 %),10391 / 10612 (98 %)
dataset_benchmark/leave_one_out/politicalness/bert-base-cased/imdb,999 / 1000 (100 %),911 / 1000 (91 %),989 / 1000 (99 %),612 / 612 (100 %),1000 / 1000 (100 %),973 / 1000 (97 %),995 / 1000 (100 %),990 / 1000 (99 %),981 / 1000 (98 %),988 / 1000 (99 %),989 / 1000 (99 %),998 / 1000 (100 %),11425 / 11612 (98 %)
dataset_benchmark/leave_one_out/politicalness/bert-base-cased/imdb_movie_genres,998 / 1000 (100 %),882 / 1000 (88 %),983 / 1000 (98 %),612 / 612 (100 %),1000 / 1000 (100 %),966 / 1000 (97 %),1000 / 1000 (100 %),990 / 1000 (99 %),980 / 1000 (98 %),986 / 1000 (99 %),982 / 1000 (98 %),994 / 1000 (99 %),11373 / 11612 (98 %)
dataset_benchmark/leave_one_out/politicalness/bert-base-cased/media_political_stance,998 / 1000 (100 %),914 / 1000 (91 %),989 / 1000 (99 %),612 / 612 (100 %),1000 / 1000 (100 %),940 / 1000 (94 %),999 / 1000 (100 %),997 / 1000 (100 %),982 / 1000 (98 %),990 / 1000 (99 %),975 / 1000 (98 %),990 / 1000 (99 %),10446 / 10612 (98 %)
dataset_benchmark/leave_one_out/politicalness/bert-base-cased/medium_post_titles,998 / 1000 (100 %),887 / 1000 (89 %),987 / 1000 (99 %),612 / 612 (100 %),1000 / 1000 (100 %),971 / 1000 (97 %),992 / 1000 (99 %),991 / 1000 (99 %),973 / 1000 (97 %),981 / 1000 (98 %),981 / 1000 (98 %),993 / 1000 (99 %),11366 / 11612 (98 %)
dataset_benchmark/leave_one_out/politicalness/bert-base-cased/news_category,999 / 1000 (100 %),866 / 1000 (87 %),981 / 1000 (98 %),610 / 612 (100 %),1000 / 1000 (100 %),962 / 1000 (96 %),997 / 1000 (100 %),992 / 1000 (99 %),966 / 1000 (97 %),986 / 1000 (99 %),993 / 1000 (99 %),993 / 1000 (99 %),11345 / 11612 (98 %)
dataset_benchmark/leave_one_out/politicalness/bert-base-cased/parliament_speeches_2024,999 / 1000 (100 %),890 / 1000 (89 %),985 / 1000 (98 %),611 / 612 (100 %),1000 / 1000 (100 %),954 / 1000 (95 %),936 / 1000 (94 %),986 / 1000 (99 %),980 / 1000 (98 %),980 / 1000 (98 %),989 / 1000 (99 %),995 / 1000 (100 %),10369 / 10612 (98 %)
dataset_benchmark/leave_one_out/politicalness/bert-base-cased/pens,998 / 1000 (100 %),906 / 1000 (91 %),992 / 1000 (99 %),612 / 612 (100 %),1000 / 1000 (100 %),975 / 1000 (98 %),998 / 1000 (100 %),986 / 1000 (99 %),971 / 1000 (97 %),988 / 1000 (99 %),983 / 1000 (98 %),998 / 1000 (100 %),11407 / 11612 (98 %)
dataset_benchmark/leave_one_out/politicalness/bert-base-cased/polibertweet,999 / 1000 (100 %),883 / 1000 (88 %),976 / 1000 (98 %),612 / 612 (100 %),1000 / 1000 (100 %),957 / 1000 (96 %),994 / 1000 (99 %),989 / 1000 (99 %),974 / 1000 (97 %),976 / 1000 (98 %),987 / 1000 (99 %),995 / 1000 (100 %),11342 / 11612 (98 %)
dataset_benchmark/leave_one_out/politicalness/bert-base-cased/political_or_not,1000 / 1000 (100 %),901 / 1000 (90 %),986 / 1000 (99 %),612 / 612 (100 %),1000 / 1000 (100 %),965 / 1000 (96 %),995 / 1000 (100 %),992 / 1000 (99 %),982 / 1000 (98 %),987 / 1000 (99 %),993 / 1000 (99 %),996 / 1000 (100 %),11409 / 11612 (98 %)
dataset_benchmark/leave_one_out/politicalness/bert-base-cased/political_podcasts,999 / 1000 (100 %),897 / 1000 (90 %),993 / 1000 (99 %),612 / 612 (100 %),1000 / 1000 (100 %),964 / 1000 (96 %),997 / 1000 (100 %),828 / 1000 (83 %),982 / 1000 (98 %),981 / 1000 (98 %),991 / 1000 (99 %),994 / 1000 (99 %),10410 / 10612 (98 %)
dataset_benchmark/leave_one_out/politicalness/bert-base-cased/political_tweets,999 / 1000 (100 %),926 / 1000 (93 %),985 / 1000 (98 %),612 / 612 (100 %),1000 / 1000 (100 %),973 / 1000 (97 %),997 / 1000 (100 %),991 / 1000 (99 %),399 / 1000 (40 %),978 / 1000 (98 %),984 / 1000 (98 %),994 / 1000 (99 %),10439 / 10612 (98 %)
dataset_benchmark/leave_one_out/politicalness/bert-base-cased/qbias,999 / 1000 (100 %),914 / 1000 (91 %),991 / 1000 (99 %),612 / 612 (100 %),1000 / 1000 (100 %),967 / 1000 (97 %),999 / 1000 (100 %),990 / 1000 (99 %),984 / 1000 (98 %),950 / 1000 (95 %),972 / 1000 (97 %),986 / 1000 (99 %),10414 / 10612 (98 %)
dataset_benchmark/leave_one_out/politicalness/bert-base-cased/recipes,1000 / 1000 (100 %),890 / 1000 (89 %),984 / 1000 (98 %),611 / 612 (100 %),1000 / 1000 (100 %),961 / 1000 (96 %),995 / 1000 (100 %),990 / 1000 (99 %),983 / 1000 (98 %),977 / 1000 (98 %),985 / 1000 (98 %),992 / 1000 (99 %),11368 / 11612 (98 %)
dataset_benchmark/leave_one_out/politicalness/bert-base-cased/reddit_comments,1000 / 1000 (100 %),878 / 1000 (88 %),976 / 1000 (98 %),612 / 612 (100 %),1000 / 1000 (100 %),961 / 1000 (96 %),993 / 1000 (99 %),984 / 1000 (98 %),978 / 1000 (98 %),981 / 1000 (98 %),992 / 1000 (99 %),995 / 1000 (100 %),11350 / 11612 (98 %)
dataset_benchmark/leave_one_out/politicalness/bert-base-cased/reddit_submissions,999 / 1000 (100 %),893 / 1000 (89 %),991 / 1000 (99 %),612 / 612 (100 %),1000 / 1000 (100 %),967 / 1000 (97 %),999 / 1000 (100 %),990 / 1000 (99 %),980 / 1000 (98 %),987 / 1000 (99 %),989 / 1000 (99 %),995 / 1000 (100 %),11402 / 11612 (98 %)
dataset_benchmark/leave_one_out/politicalness/bert-base-cased/rotten_tomatoes,995 / 1000 (100 %),897 / 1000 (90 %),988 / 1000 (99 %),611 / 612 (100 %),1000 / 1000 (100 %),967 / 1000 (97 %),998 / 1000 (100 %),989 / 1000 (99 %),985 / 1000 (98 %),980 / 1000 (98 %),982 / 1000 (98 %),994 / 1000 (99 %),11386 / 11612 (98 %)
dataset_benchmark/leave_one_out/politicalness/bert-base-cased/textbooks,999 / 1000 (100 %),903 / 1000 (90 %),990 / 1000 (99 %),612 / 612 (100 %),1000 / 1000 (100 %),962 / 1000 (96 %),999 / 1000 (100 %),990 / 1000 (99 %),980 / 1000 (98 %),987 / 1000 (99 %),985 / 1000 (98 %),994 / 1000 (99 %),11401 / 11612 (98 %)
dataset_benchmark/leave_one_out/politicalness/bert-base-cased/tweet_topic_multi,999 / 1000 (100 %),882 / 1000 (88 %),990 / 1000 (99 %),612 / 612 (100 %),1000 / 1000 (100 %),960 / 1000 (96 %),998 / 1000 (100 %),995 / 1000 (100 %),982 / 1000 (98 %),981 / 1000 (98 %),988 / 1000 (99 %),996 / 1000 (100 %),11383 / 11612 (98 %)
dataset_benchmark/leave_one_out/politicalness/bert-base-cased/yelp_review_full,999 / 1000 (100 %),820 / 1000 (82 %),972 / 1000 (97 %),610 / 612 (100 %),1000 / 1000 (100 %),945 / 1000 (94 %),995 / 1000 (100 %),973 / 1000 (97 %),975 / 1000 (98 %),981 / 1000 (98 %),989 / 1000 (99 %),993 / 1000 (99 %),11252 / 11612 (97 %)
